time_period,emission_co2e_co2_lndu_conversion_croplands,emission_co2e_co2_lndu_conversion_forests_mangroves,emission_co2e_co2_lndu_conversion_forests_primary,emission_co2e_co2_lndu_conversion_forests_secondary,emission_co2e_co2_lndu_conversion_grasslands,emission_co2e_co2_lndu_conversion_other,emission_co2e_co2_lndu_conversion_settlements,emission_co2e_co2_lndu_conversion_wetlands,area_lndu_croplands_ha,area_lndu_forests_mangroves_ha,area_lndu_forests_primary_ha,area_lndu_forests_secondary_ha,area_lndu_grasslands_ha,area_lndu_other_ha,area_lndu_settlements_ha,area_lndu_wetlands_ha,emissions_co2e_n2o_lndu_pastures,emissions_co2e_co2_lndu_pastures,emissions_co2e_ch4_lndu_wetlands,emission_co2e_co2_frst_sequestration_mangroves,emission_co2e_co2_frst_sequestration_primary,emission_co2e_co2_frst_sequestration_secondary,emission_co2e_ch4_frst_methane_mangroves,emission_co2e_ch4_frst_methane_primary,emission_co2e_ch4_frst_methane_secondary,area_agrc_crops_bevs_and_spices_ha,area_agrc_crops_cereals_ha,area_agrc_crops_coffee_ha,area_agrc_crops_fibers_ha,area_agrc_crops_fruits_ha,area_agrc_crops_maize_ha,area_agrc_crops_nuts_ha,area_agrc_crops_oil_bearing_ha,area_agrc_crops_pulses_ha,area_agrc_crops_rice_ha,area_agrc_crops_tubers_ha,area_agrc_crops_vegetables_ha,yield_agrc_bevs_and_spices_tonne,yield_agrc_cereals_tonne,yield_agrc_coffee_tonne,yield_agrc_fibers_tonne,yield_agrc_fruits_tonne,yield_agrc_maize_tonne,yield_agrc_nuts_tonne,yield_agrc_oil_bearing_tonne,yield_agrc_pulses_tonne,yield_agrc_rice_tonne,yield_agrc_tubers_tonne,yield_agrc_vegetables_tonne,emission_co2e_ch4_agrc_crop_activity_bevs_and_spices,emission_co2e_ch4_agrc_crop_activity_cereals,emission_co2e_ch4_agrc_crop_activity_coffee,emission_co2e_ch4_agrc_crop_activity_fibers,emission_co2e_ch4_agrc_crop_activity_fruits,emission_co2e_ch4_agrc_crop_activity_maize,emission_co2e_ch4_agrc_crop_activity_nuts,emission_co2e_ch4_agrc_crop_activity_oil_bearing,emission_co2e_ch4_agrc_crop_activity_pulses,emission_co2e_ch4_agrc_crop_activity_rice,emission_co2e_ch4_agrc_crop_activity_tubers,emission_co2e_ch4_agrc_crop_activity_vegetables,emission_co2e_co2_agrc_crop_activity_bevs_and_spices,emission_co2e_co2_agrc_crop_activity_cereals,emission_co2e_co2_agrc_crop_activity_coffee,emission_co2e_co2_agrc_crop_activity_fibers,emission_co2e_co2_agrc_crop_activity_fruits,emission_co2e_co2_agrc_crop_activity_maize,emission_co2e_co2_agrc_crop_activity_nuts,emission_co2e_co2_agrc_crop_activity_oil_bearing,emission_co2e_co2_agrc_crop_activity_pulses,emission_co2e_co2_agrc_crop_activity_rice,emission_co2e_co2_agrc_crop_activity_tubers,emission_co2e_co2_agrc_crop_activity_vegetables,emission_co2e_n2o_agrc_crop_activity_bevs_and_spices,emission_co2e_n2o_agrc_crop_activity_cereals,emission_co2e_n2o_agrc_crop_activity_coffee,emission_co2e_n2o_agrc_crop_activity_fibers,emission_co2e_n2o_agrc_crop_activity_fruits,emission_co2e_n2o_agrc_crop_activity_maize,emission_co2e_n2o_agrc_crop_activity_nuts,emission_co2e_n2o_agrc_crop_activity_oil_bearing,emission_co2e_n2o_agrc_crop_activity_pulses,emission_co2e_n2o_agrc_crop_activity_rice,emission_co2e_n2o_agrc_crop_activity_tubers,emission_co2e_n2o_agrc_crop_activity_vegetables,net_imports_agrc_bevs_and_spices_tonne,net_imports_agrc_cereals_tonne,net_imports_agrc_coffee_tonne,net_imports_agrc_fibers_tonne,net_imports_agrc_fruits_tonne,net_imports_agrc_maize_tonne,net_imports_agrc_nuts_tonne,net_imports_agrc_oil_bearing_tonne,net_imports_agrc_pulses_tonne,net_imports_agrc_rice_tonne,net_imports_agrc_tubers_tonne,net_imports_agrc_vegetables_tonne,emission_co2e_ch4_lvst_entferm_buffalo,emission_co2e_ch4_lvst_entferm_cattle_dairy,emission_co2e_ch4_lvst_entferm_cattle_nondairy,emission_co2e_ch4_lvst_entferm_chickens,emission_co2e_ch4_lvst_entferm_goats,emission_co2e_ch4_lvst_entferm_horses,emission_co2e_ch4_lvst_entferm_mules,emission_co2e_ch4_lvst_entferm_pigs,emission_co2e_ch4_lvst_entferm_sheep,emission_co2e_ch4_lvst_mm_buffalo,emission_co2e_ch4_lvst_mm_cattle_dairy,emission_co2e_ch4_lvst_mm_cattle_nondairy,emission_co2e_ch4_lvst_mm_chickens,emission_co2e_ch4_lvst_mm_goats,emission_co2e_ch4_lvst_mm_horses,emission_co2e_ch4_lvst_mm_mules,emission_co2e_ch4_lvst_mm_pigs,emission_co2e_ch4_lvst_mm_sheep,emission_co2e_n2o_lvst_mm_buffalo,emission_co2e_n2o_lvst_mm_cattle_dairy,emission_co2e_n2o_lvst_mm_cattle_nondairy,emission_co2e_n2o_lvst_mm_chickens,emission_co2e_n2o_lvst_mm_goats,emission_co2e_n2o_lvst_mm_horses,emission_co2e_n2o_lvst_mm_mules,emission_co2e_n2o_lvst_mm_pigs,emission_co2e_n2o_lvst_mm_sheep,lvst_pop_buffalo,lvst_pop_cattle_dairy,lvst_pop_cattle_nondairy,lvst_pop_chickens,lvst_pop_goats,lvst_pop_horses,lvst_pop_mules,lvst_pop_pigs,lvst_pop_sheep,net_imports_lvst_buffalo,net_imports_lvst_cattle_dairy,net_imports_lvst_cattle_nondairy,net_imports_lvst_chickens,net_imports_lvst_goats,net_imports_lvst_horses,net_imports_lvst_mules,net_imports_lvst_pigs,net_imports_lvst_sheep,emission_co2e_subsector_total_agrc,emission_co2e_subsector_total_frst,emission_co2e_subsector_total_lndu,emission_co2e_subsector_total_lvst
0,0.019671716314789502,2.5700336290769155,7.3939331816601905,4.711562124291907,0.17981455391288323,0.3020813194706261,0.0,0.0,616993.1598707,47038.270236000004,2182474.3564036,921565.2182493,1201174.0486768999,38783.2520956,79975.8327029,25095.861765,0.017412579361834945,6.378234198474339e-05,0.06266562162029325,-0.0987803674956,-5.2379384553686394,-1.10587826189916,0.0013123677395843998,0.060891034543660426,0.025711669589155467,57750.55976389752,128457.97588507974,89649.10612921271,26654.10450641424,69473.42980144083,39981.15675962136,48927.557577746506,64722.58247043642,29739.07030576774,20545.87222369431,25666.915450621116,15424.828996767501,114346.10833251709,551084.7165469921,90545.59719050484,18924.41419955411,3679312.8422843064,64769.4739505866,63605.82485107046,64722.58247043642,18438.223589576,59583.029448713496,513338.30901242234,43189.521190949,0.0,0.0,0.0,0.0,0.0,0.0,0.0,0.0,0.0,6.934265999999999,0.0,0.0,2.6863200000000003,0.8790600000000002,2.6863200000000003,0.8790600000000002,0.6142500000000001,1.1793600000000002,0.48867000000000005,1.04559,0.48867000000000005,0.0,0.27573000000000003,1.40049,0.00984,0.00322,0.00984,0.00322,0.0022500000000000003,0.00432,0.0017900000000000001,0.00383,0.0017900000000000001,0.0,0.00101,0.00513,0.0,0.0,0.0,0.0,0.0,0.0,0.0,0.0,0.0,0.0,0.0,0.0,0.005283722904555717,0.5504569644819571,1.573223680955689,0.0,0.0023492876141857446,0.05056753819793307,0.001164379641649039,0.0,0.00019850584286482202,0.00022247553098265663,0.00118012515670944,0.003721961606815944,1.0627729380000003e-05,0.0004988577926666898,0.0059088741705887685,0.00022699440121250612,0.005241518672930783,6.1873939479600005e-06,0.0021769111096152424,0.0115474612108128,0.036419194217231284,0.00010399176060000002,0.004881296680932126,0.057818016077804076,0.002221128011864307,0.05128797841254852,6.054331712520001e-05,4313,393280,1190205,24109000,25082,126033,5273,462282,2890,0,0,0,0,0,0,0,0,0,,,,
1,0.019671716314789502,2.5571565302877217,7.192800048612845,4.711562124291907,0.17981455391288323,0.3020813194706261,0.0,0.0,614464.100377969,47337.91381517804,2176473.2722839653,940154.3926835794,1185708.2314043783,39018.96408719522,84655.89558380053,25287.237558013938,0.01718838223490729,6.296110708757249e-05,0.0631434965442387,-0.09940961901187388,-5.223535853481517,-1.128185271220295,0.0013207277954434672,0.06072360429672262,0.02623030755587186,57513.8397953779,127931.42569869314,89281.6337849189,26544.849136328263,69188.65770255931,39817.273704492385,48727.003159972934,64457.28412964894,29617.169638218104,20461.65454258637,25561.706575723507,15361.602509449225,113877.40279484824,548825.8162473936,90174.45012276809,18846.842886793067,3664231.311927541,64503.98340127767,63345.10410796481,64457.28412964894,18362.645175695223,59338.79817350047,511234.13151447015,43012.48702645783,0.0,0.0,0.0,0.0,0.0,0.0,0.0,0.0,0.0,6.934265999999999,0.0,0.0,2.69451,0.8845200000000001,2.69451,0.8845200000000001,0.61698,1.18209,0.49140000000000006,1.05105,0.49140000000000006,0.0,0.27846000000000004,1.40322,0.009869999999999999,0.0032400000000000003,0.009869999999999999,0.0032400000000000003,0.00226,0.0043300000000000005,0.0018000000000000002,0.00385,0.0018000000000000002,0.0,0.00102,0.00514,3421.6320119817537,8853.969488333212,2709.4381995940057,304.0479637274475,73018.27820502454,1040.6148617714207,1262.2976119508385,1080.6279637721236,365.9181475947116,1182.4627062381478,10187.521710574161,857.1232208415822,0.005215119036562413,0.5433691032427976,1.5529669580292638,0.0,0.0023190340499013177,0.04991635069549129,0.0011493639360484066,0.0,0.00019589573143614962,0.00021958690827571744,0.001164929484939768,0.003674037878025984,1.0845285070500002e-05,0.0004924336212676251,0.005832782172628983,0.00022406710758791852,0.005305886529577219,6.1060372109280006e-06,0.0021486460917301384,0.01139877237951816,0.035950263107566084,0.00010612053133500001,0.004818436509177838,0.05707345996873522,0.002192484601129095,0.05191781442919645,5.974724582736e-05,4257,388216,1174880,24602525,24759,124410,5205,467959,2852,108,5683,29943,0,654,3290,137,0,76,,,,
2,0.01959108180517086,2.5604870185203534,6.972448551077779,4.806600487776143,0.17749933653300404,0.30391727147538883,0.0,0.0,611911.2186075427,47634.25913537067,2170695.2173916856,958003.5824628187,1170909.9126071825,39181.96493745321,89296.55500273583,25467.307056137397,0.0169738613661275,6.217531635944139e-05,0.06359313908452789,-0.1000319441842784,-5.209668521740046,-1.1496042989553823,0.0013289958298768414,0.060562396565228015,0.026728299950712638,57274.890061665996,127399.91571409038,88910.70006367596,26434.564643845846,68901.20321520932,39651.84696576877,48524.55963557813,64189.48683193122,29494.120736883557,20376.643579631174,25455.506694073774,15297.780465188567,113404.28232209868,546545.6384134478,89799.80706431273,18768.54089713055,3649007.7222774853,64235.99208454541,63081.92752625157,64189.48683193122,18286.354856867805,59092.26638093041,509110.1338814755,42833.785302527984,0.0,0.0,0.0,0.0,0.0,0.0,0.0,0.0,0.0,6.934265999999999,0.0,0.0,2.69451,0.8845200000000001,2.69451,0.8845200000000001,0.61698,1.18209,0.49140000000000006,1.05105,0.49140000000000006,0.0,0.27846000000000004,1.40322,0.009869999999999999,0.0032400000000000003,0.009869999999999999,0.0032400000000000003,0.00226,0.0043300000000000005,0.0018000000000000002,0.00385,0.0018000000000000002,0.0,0.00102,0.00514,6145.519947205059,16093.109967296943,4866.363899746299,552.6422156803383,131968.34048093902,1891.4374423988993,2281.3920724679774,1961.8692715822544,661.3359267982632,2137.1038164538913,18412.243712225754,1549.1070430959298,0.0051501903757830364,0.5365877668084122,1.5335852726609003,0.0,0.002290091785616835,0.04929324891404206,0.001135010688047802,0.0,0.00019349168143605662,0.00021685303321379283,0.001150390971961083,0.0036281843292333455,1.1008721730420001e-05,0.000486287896926105,0.0057599720230100395,0.000221268959270298,0.005353689045628193,6.031103374188e-06,0.0021218952712317362,0.01125651381166221,0.035501588597874674,0.00010771975026540001,0.004758300926911351,0.05636101656923802,0.0021651048702792603,0.05238555947872748,5.901402226356e-05,4204,383371,1160217,24973281,24450,122857,5140,472175,2817,201,10979,55460,0,1210,6083,254,0,139,,,,
3,0.019509687765108006,2.5634759515867103,6.7538923757804,4.89785563157695,0.1752840430073826,0.30518687908331693,0.0,0.0,609339.3161475227,47927.27597900284,2165137.762061606,975136.836667053,1156738.40694969,39288.034338883124,93896.15184695982,25636.250669916975,0.016768426968664794,6.142280940902854e-05,0.06401499973531619,-0.10064727955590597,-5.196330628947854,-1.1701642040004636,0.001337170999814179,0.0604073435615188,0.027206317743010775,57034.15999140812,126864.44562191422,88537.00263623505,26323.45845757298,68611.60699821105,39485.187686359466,48320.607770498544,63919.69426387512,29370.155038310593,20290.999227712506,25348.515551736942,15233.482903688067,112927.63678298808,544248.471718012,89422.3726625974,18689.655504876813,3633670.706625257,63966.00405190234,62816.79010164811,63919.69426387512,18209.496123752568,58843.897760366264,506970.31103473884,42653.75213032659,0.0,0.0,0.0,0.0,0.0,0.0,0.0,0.0,0.0,6.934265999999999,0.0,0.0,2.69451,0.8845200000000001,2.69451,0.8845200000000001,0.61698,1.18209,0.49140000000000006,1.05105,0.49140000000000006,0.0,0.27846000000000004,1.40322,0.009869999999999999,0.0032400000000000003,0.009869999999999999,0.0032400000000000003,0.00226,0.0043300000000000005,0.0018000000000000002,0.00385,0.0018000000000000002,0.0,0.00102,0.00514,8208.365031286623,21849.73688497406,6499.839168589766,750.3265079703342,177894.62090517627,2568.018893475928,3075.3389516660754,2659.809770392836,891.4873337044228,2880.8369634532282,24819.885612437443,2088.2115298925783,0.005087711853146277,0.5300933599858018,1.5150244306815943,0.0,0.002262367157046586,0.04869662795524297,0.0011210990784472161,0.0,0.00019115631857882342,0.00021422232324854463,0.001136467607622363,0.00358427274687324,1.1122367330520001e-05,0.00048040073056659064,0.005690256187541032,0.0002185569078239889,0.0053866156363805715,5.958310504212001e-06,0.0020961539156578025,0.01112027444017581,0.0350719161253188,0.00010883176635240001,0.004700695320597822,0.055678850867336975,0.0021385675926863432,0.05270774439899269,5.830174794444001e-05,4153,378731,1146175,25231086,24154,121370,5077,475079,2783,279,15926,76977,0,1676,8425,353,0,193,,,,
4,0.019427687284594694,2.566148381091781,6.537071888092767,4.985450508180354,0.17316258278196164,0.3060130497370936,0.0,0.0,606753.0191882689,48216.96327967848,2159798.5625785426,991577.8660976801,1143156.172764104,39349.61255042473,98453.56535717042,25794.296182535985,0.016571534827240282,6.070159277377393e-05,0.06440964728260148,-0.1012556228873248,-5.183516550188502,-1.189893439317216,0.0013452532755030293,0.06025837989594133,0.02766502246412527,56792.08259602197,126325.97859499759,88161.21368805548,26211.73042893322,68320.38996059909,39317.59564339982,48115.51442162972,63648.39171284941,29245.49552487456,20204.875538969358,25240.925598231985,15168.825479706724,112448.3235401235,541938.4481725397,89042.82582493604,18610.328604542585,3618247.8523133276,63694.504942307714,62550.16874811864,63648.39171284941,18132.20722542223,58594.139063011135,504818.5119646397,42472.711343178824,0.0,0.0,0.0,0.0,0.0,0.0,0.0,0.0,0.0,6.869259,0.0,0.0,2.66994,0.8736000000000002,2.66994,0.8736000000000002,0.6115200000000001,1.17117,0.48594000000000004,1.04013,0.48594000000000004,0.0,0.27573000000000003,1.38957,0.009779999999999999,0.0032,0.009779999999999999,0.0032,0.0022400000000000002,0.00429,0.0017800000000000001,0.00381,0.0017800000000000001,0.0,0.00101,0.00509,10647.790748333777,28404.678202740266,8431.511890757058,975.4251558305841,230924.35283640632,3338.426941786369,3992.0861774939694,3456.638617312885,1157.2364276673761,3739.6038622620254,32218.60218910646,2710.699703410406,0.004933415937600002,0.5140466502670178,1.4691619083608698,0.0,0.0021945395998414353,0.04722245274656133,0.001087290419023809,0.0,0.00018523607140665,0.000207725620148028,0.0011041943355607716,0.0034753506525221794,1.10472595875e-05,0.00046585113168963607,0.005518008192927132,0.0002119667145131718,0.005324730716067656,5.794939584225e-06,0.00203258402510436,0.010804482208175294,0.03400611928812026,0.000108096841125,0.004558328277823321,0.053993413500684845,0.0020740829054514665,0.05210220378087707,5.670317227575e-05,4104,374284,1132716,25545750,23870,119945,5018,478594,2750,361,20739,99487,0,2167,10887,455,0,250,,,,
5,0.01934522786138342,2.5684588297162936,6.3219081897440335,5.069506340600838,0.1711293359066136,0.30649268015455516,0.0,0.0,604156.7134399215,48503.34220023425,2154675.361950239,1007349.9329944481,1130128.4372821155,39376.50361960596,102968.09771182622,25941.70495372438,0.016382680865372732,6.0009820019680333e-05,0.06477773435469747,-0.10185701862049192,-5.171220868680574,-1.2088199195933378,0.0013532432473865354,0.060115442598411666,0.0281050631305451,56549.068377976655,125785.42773819165,87783.9704628206,26099.57002060461,68028.04593333516,39149.35503090691,47909.62737578577,63376.03923984776,29120.353587804217,20118.418557549387,25132.919279100734,15103.917835998038,111967.15538839377,539619.4849968422,88661.8101674488,18530.694714629273,3602765.31262943,63421.955150069196,62282.515588521506,63376.03923984776,18054.619224438615,58343.41381689322,502658.3855820147,42290.9699407945,0.0,0.0,0.0,0.0,0.0,0.0,0.0,0.0,0.0,6.804251999999999,0.0,0.0,2.64537,0.87087,2.64537,0.87087,0.6060600000000002,1.16025,0.48321000000000003,1.0292100000000002,0.48321000000000003,0.0,0.273,1.3786500000000002,0.009689999999999999,0.00319,0.009689999999999999,0.00319,0.00222,0.00425,0.00177,0.00377,0.00177,0.0,0.001,0.00505,13050.001528206049,34848.40071407368,10333.715759457948,1196.7045165712407,283035.14094573027,4095.76334544806,4892.947235906991,4239.841650492752,1418.3803976898307,4583.489325555718,39489.10757856839,3322.4008780045624,0.004783723919177301,0.49847669449103693,1.4246660176946693,0.0,0.002125640417425022,0.045792275868546825,0.0010544020810912015,0.0,0.0001795355700252867,0.0002014226518284396,0.0010697768177588317,0.0033696748136963525,1.096250998392e-05,0.0004517410698487584,0.00535088279942195,0.00020555463460490643,0.005259768948419253,5.615022516032701e-06,0.001970909818966452,0.010467708646887492,0.03297208688670624,0.0001072675708104,0.004420262081315809,0.05235810051047285,0.0020113410482845684,0.05146655637700559,5.4942693436449006e-05,4057,370018,1119808,25850099,23598,118578,4961,481964,2719,439,25351,121072,0,2637,13250,554,0,303,,,,
6,0.019262449325947707,2.570435711718215,6.10834728246708,5.15014205855228,0.1691790969326954,0.30670213370012733,0.0,0.0,601554.4867765061,48786.45068719647,2149765.98626737,1022475.7705603844,1117622.880797736,39376.43049552448,107439.36483476721,26078.761344872328,0.01620139656690822,5.934577497035979e-05,0.06511997101621345,-0.10245154644311258,-5.159438367041688,-1.2269709246724612,0.0013611419741727812,0.059978471016859616,0.02852707399863472,56305.49996228097,125243.64414686857,87405.86692862633,25987.153828745064,67735.03521103458,38980.730743117594,47703.27080137693,63103.06566285548,28994.926262627592,20031.764409657655,25024.66664990265,15038.862169412652,111484.88992531633,537295.2333900662,88279.9255979126,18450.879218408994,3587247.4647763916,63148.78380385051,62014.25204179001,63103.06566285548,17976.854282829107,58092.116788007195,500493.332998053,42108.814074355425,0.0,0.0,0.0,0.0,0.0,0.0,0.0,0.0,0.0,6.7392449999999995,0.0,0.0,2.6208,0.85995,2.6208,0.85995,0.59787,1.1493300000000002,0.47775,1.02102,0.47775,0.0,0.27027,1.3650000000000002,0.0096,0.00315,0.0096,0.00315,0.00219,0.00421,0.00175,0.0037400000000000003,0.00175,0.0,0.00099,0.005,15723.184514589477,41838.08482198964,12450.490465928233,1436.7323620376555,340076.403175578,4917.267098241551,5879.043469143609,5090.846400049129,1704.2325640885429,5507.219204725952,47447.51349624101,3991.978298962589,0.00463850881876206,0.48335834266200006,1.3814551224033864,0.0,0.0020618239502170344,0.044403491242053866,0.0010223959622841954,0.0,0.00017427456001428481,0.0001953083028878892,0.0010363498323224907,0.0032670444750760586,1.088853697017e-05,0.00043804235025420393,0.005188594304708815,0.00019931582485279082,0.005197547623299203,5.4377184387456e-06,0.0019110812433116042,0.010140627391542648,0.03196785454106681,0.00010654374884790002,0.004286220846573393,0.050770116314892706,0.0019502946302799961,0.05085772405593844,5.320778257267201e-05,4012,365924,1107416,26192627,23337,117266,4906,485724,2688,519,29825,143144,0,3119,15675,656,0,360,,,,
7,0.0191794820127927,2.5720838947509472,5.896312479432908,5.227473887013909,0.1673070276325403,0.3067015641393549,0.0,0.0,598950.1090190471,49066.339184807024,2145068.3496533083,1036977.5253556177,1105609.3803212147,39355.47312061166,111867.23618786702,26205.76447017037,0.016027245259950425,5.87078580950565e-05,0.06543710417023892,-0.10303931228809474,-5.1481640391679395,-1.2443730304267413,0.0013689508632561158,0.05984740695532729,0.02893167295742173,56061.73020418281,124701.41269776561,87027.45084046756,25874.644709622837,67441.78227554471,38811.96706443425,47496.74364521043,62829.86643609804,28869.39525471807,19945.03863033427,24916.324535192358,14973.752725476179,111002.22580428196,534969.0604734145,87897.72534887223,18370.997743832213,3571716.789312848,62875.386644383485,61745.766738773564,62829.86643609804,17899.025057925202,57840.612027969386,498326.49070384714,41926.5076313333,0.0,0.0,0.0,0.0,0.0,0.0,0.0,0.0,0.0,6.674237999999999,0.0,0.0,2.5935,0.8490300000000001,2.5935,0.8490300000000001,0.59241,1.1384100000000001,0.47229000000000004,1.0101000000000002,0.47229000000000004,0.0,0.26754,1.35135,0.0095,0.00311,0.0095,0.00311,0.00217,0.00417,0.00173,0.0037,0.00173,0.0,0.00098,0.00495,18576.344323658952,49165.44119983108,14709.780813098492,1688.3559743760125,400231.98932229634,5778.457771455942,6918.978326622637,5983.937917284849,2005.691612307608,6481.382646250342,55840.4303787956,4698.113132831364,0.004497627368010924,0.46866201989652495,1.3394548861138789,0.0,0.001999775280153357,0.04305321904905495,0.0009912603302506954,0.0,0.00016892519998586402,0.00018937642477936768,0.00100384966642617,0.003167290269536701,1.0818177676020002e-05,0.0004247222579364996,0.005030824197894597,0.00019324544242878362,0.005135930880086616,5.268969799506e-06,0.0018530381349378992,0.009822615015567901,0.030991765002993523,0.00010585528693740001,0.004155884459378652,0.04922634430197939,0.0018908962646257321,0.05025480753633141,5.155658621022001e-05,3969,361990,1095513,26558103,23086,116005,4853,489698,2660,599,34155,165278,0,3605,18115,758,0,415,,,,
8,0.019096446115876086,2.5734071491356705,5.6857467056773485,5.301615051714968,0.16550861862470553,0.30653832791948615,0.0,0.0,596347.0082545973,49343.067272204644,2140580.44623593,1050876.7181263836,1094059.7813913915,39318.41433755423,116251.7712098614,26323.021825624164,0.01585981880898403,5.8094574391882897e-05,0.06572990164967482,-0.10362044127162974,-5.137393070966232,-1.2610520617516603,0.0013766715768945093,0.05972219444998244,0.029319460435726096,55818.07997263031,124159.44711860716,86649.220299393,25762.190756598604,67148.67312946766,38643.286134897906,47290.31775458957,62556.80116590725,28743.92579787159,19858.355374878094,24808.03554339125,14908.675206364933,110519.79834580801,532644.0281388247,87515.71250238693,18291.155437185007,3556193.728936607,62602.12353853461,61477.41308096644,62556.80116590725,17821.233994680388,57589.23058714647,496160.71086782496,41744.29057782181,0.0,0.0,0.0,0.0,0.0,0.0,0.0,0.0,0.0,6.609230999999999,0.0,0.0,2.5689300000000004,0.8463,2.5689300000000004,0.8463,0.58695,1.12749,0.46956000000000003,1.00191,0.46956000000000003,0.0,0.26481,1.3377000000000001,0.00941,0.0031000000000000003,0.00941,0.0031000000000000003,0.00215,0.00413,0.00172,0.00367,0.00172,0.0,0.0009699999999999999,0.004900000000000001,21741.620181257735,57095.08552853076,17216.221976496352,1960.662335314013,465899.4844877352,6710.435880018369,8054.199867965719,6952.002950525071,2334.7726147471876,7544.8062978897,65002.369678411866,5468.9493719817765,0.004360936527935281,0.4543662503515951,1.2985933028631536,0.0,0.0019394425929481966,0.041740254547197035,0.0009609637548446588,0.0,0.00016365024003147123,0.00018362088334233364,0.0009752483563418503,0.003070237781687393,1.083378422736e-05,0.0004117696059227626,0.004877395494443696,0.000187338644498817,0.005076929762435293,5.1247664314560005e-06,0.0017967204714142322,0.009542752734097675,0.03004211162726374,0.0001060079962032,0.004029143455803375,0.047725052687567354,0.00183309856445079,0.049677484772216306,5.014556400672001e-05,3928,358209,1084068,26965811,22845,114794,4802,494087,2632,681,38366,188024,0,4105,20629,863,0,473,,,,
9,0.019013450933582976,2.574412792110426,5.4765804441402945,5.372675578870473,0.1637796552145099,0.30624967842572093,0.0,0.0,593748.2756397016,49616.70102090768,2136300.348631015,1064194.2183867642,1082947.7095044313,39269.012879013186,120593.17306493343,26430.84433644838,0.01569873488128909,5.750452337468531e-05,0.06599913985032843,-0.10419507214390612,-5.127120836714436,-1.277033062064117,0.0013843059584833241,0.05960277972680531,0.029691018692990716,55574.83859987607,123618.39098818587,86271.62445044865,25649.92550763511,66856.0558370304,38474.88826145267,47084.23825822834,62284.194114604696,28618.66688583362,19771.817578802067,24699.928266611587,14843.706890992542,110038.18042775462,530322.8973393174,87134.34069495313,18211.44711042093,3540696.7171291304,62329.31898355333,61209.50973569684,62284.194114604696,17743.573469216844,57338.270978525994,493998.56533223175,41562.379294779115,0.0,0.0,0.0,0.0,0.0,0.0,0.0,0.0,0.0,6.544224,0.0,0.0,2.54436,0.8353800000000001,2.54436,0.8353800000000001,0.5814900000000001,1.1138400000000002,0.4641,0.99099,0.4641,0.0,0.26208000000000004,1.32405,0.00932,0.0030600000000000002,0.00932,0.0030600000000000002,0.00213,0.00408,0.0017,0.00363,0.0017,0.0,0.00096,0.00485,25212.302892896958,65592.5653532691,19964.501243424107,2252.468337235656,536822.1005166951,7709.152196454423,9280.268888592145,7990.891092282218,2690.1887231223955,8693.331715698354,74897.50427110941,6301.472715117379,0.004227221723605488,0.44044609542534296,1.258810762704549,0.0,0.001880690905744329,0.040461382209666455,0.0009316710585112771,0.0,0.00015885662144933703,0.00017799076174608,0.0009444228900847903,0.002975742189994014,1.07076013884e-05,0.00039915364968637655,0.004727968289329896,0.00018162879329319663,0.005019856310412169,4.9624069763069995e-06,0.0017416300342896003,0.009241127204055476,0.02911747734295218,0.00010477330390800001,0.003905697002307555,0.04626291551924953,0.0017772279773850422,0.049119024112635204,4.855688546709e-05,3888,354571,1073058,27413214,22613,113628,4754,498853,2605,766,42463,211305,0,4620,23214,971,0,532,,,,
10,0.018930595021875735,2.5751311342774423,5.268758482249108,5.440762165228686,0.16211618916510387,0.3058648922880585,0.0,0.0,591156.6605353235,49887.31092743828,2132226.2128447583,1076950.230172752,1072248.41547895,39210.218927232,124891.75230057012,26529.54276383484,0.015543634705307502,5.693639086193224e-05,0.06624559475843379,-0.10476335294762038,-5.1173429108274195,-1.2923402762073022,0.0013918559748755277,0.05948911133836875,0.030046911421819773,55332.263426106285,123078.81672345437,85895.06277578251,25537.967735125978,66564.23997627743,38306.95160268896,46878.723180451154,62012.333690155436,28493.751037802595,19685.516795826275,24592.117078269457,14778.91651338309,109557.88158369044,528008.1237436192,86754.01340354035,18131.957091939443,3525242.1491436525,62057.26159635612,60942.3401345865,62012.333690155436,17666.12564343761,57087.9987078962,491842.3415653891,41380.96623747265,0.0,0.0,0.0,0.0,0.0,0.0,0.0,0.0,0.0,6.479216999999999,0.0,0.0,2.5197900000000004,0.8244600000000001,2.5197900000000004,0.8244600000000001,0.57603,1.1029200000000001,0.45864,0.98007,0.45864,0.0,0.25935,1.3104,0.00923,0.00302,0.00923,0.00302,0.00211,0.00404,0.00168,0.00359,0.00168,0.0,0.00095,0.0048,28784.00639042299,74219.40346788359,22792.774377394366,2548.7165415705786,609105.5562992315,8723.072107065505,10529.863317012554,9046.2976114532,3052.42443850619,9863.894660237667,84982.50344121101,7149.970241448049,0.0040974730504092,0.42688151575487865,1.2200410524119418,0.0,0.0018204176055358135,0.03921519280953704,0.0009029740020616179,0.0,0.0001538447185645758,0.00017252763650892004,0.0009143783457454729,0.002883653243391161,1.065222682713e-05,0.0003868508730483217,0.004582342449109517,0.0001760338280139264,0.004961061907839136,4.804186161625201e-06,0.0016881736475604003,0.008947142952993337,0.028216391951461896,0.00010423146680309998,0.0037853149943437923,0.04483797450203936,0.0017224815429319681,0.048543724044447456,4.700870330192401e-05,3850,351068,1062456,27868631,22389,112505,4707,503650,2579,848,46419,234258,0,5128,25767,1078,0,591,,,,
11,0.018847966039179827,2.5755184904618003,5.062208089973647,5.505978105237853,0.16051451554878332,0.30540694836713167,0.0,0.0,588574.5887333767,50154.970296970394,2128356.2703275587,1089164.286172485,1061938.6293917624,39144.34427560566,129147.90328924182,26619.424718436185,0.015394180953251806,5.638894122070259e-05,0.06647003449317107,-0.10532543762363782,-5.108055048786141,-1.3069971434069818,0.0013993236712854737,0.05938113994213888,0.030387683584212326,55090.58150544406,122541.22937428903,85519.88774295965,25426.422233281875,66273.49869137822,38139.633349922806,46673.96488655677,61741.474358131214,28369.295176948755,19599.533804821447,24484.70289130847,14714.364718334418,109079.35138077923,525701.8740157,86375.08662038925,18052.75978563013,3509844.4906953904,61786.20602687495,60676.15435252381,61741.474358131214,17588.96300970823,56838.648033982194,489694.05782616936,41200.22121133637,0.0,0.0,0.0,0.0,0.0,0.0,0.0,0.0,0.0,6.41421,0.0,0.0,2.4924900000000005,0.82173,2.4924900000000005,0.82173,0.57057,1.09473,0.45591000000000004,0.9718800000000001,0.45591000000000004,0.0,0.25662,1.29948,0.009130000000000001,0.0030099999999999997,0.009130000000000001,0.0030099999999999997,0.00209,0.00401,0.00167,0.0035600000000000002,0.00167,0.0,0.00094,0.0047599999999999995,32459.299585846427,82974.57465440582,25703.07558556569,2849.371742026713,682756.4287043563,9752.075117077344,11803.096850321032,10118.133338809588,3421.5127197108704,11056.601637748587,95258.2847945203,8014.519153385125,0.0039705113802116524,0.4136518893369126,1.1822330794741525,0.0,0.0017646385969071793,0.03799973335726234,0.000874847593487125,0.0,0.000149018549966055,0.00016718153794066982,0.000888001161448338,0.002793842904743796,1.059219479052e-05,0.00037486730663310424,0.0044403248728247064,0.00017055132691305063,0.0049005074953656184,4.651798217031001e-06,0.0016358623604947264,0.00868904362277406,0.02733760261631026,0.00010364405655240002,0.0036680564412486546,0.04344834015344604,0.0016688355644180223,0.04795120237400766,4.5517595456970005e-05,3813,347692,1052241,28331982,22174,111423,4661,508476,2555,930,50243,256897,0,5630,28291,1184,0,648,,,,
12,0.018765641327503996,2.57560708105896,4.856880864384822,5.568423261036643,0.15897115088131744,0.3048938531363888,0.0,0.0,586004.1670276897,50419.75398456254,2124688.8265224383,1100855.248474778,1051996.4395805614,39073.196717855164,133362.0668939733,26700.79259013762,0.015250055987091693,5.586101094172781e-05,0.06667321413720315,-0.10588148336758132,-5.099253183653852,-1.3210262981697334,0.0014067111361692947,0.05927881825997602,0.0307138614324463,54849.990033791764,122006.067575165,85146.40546912333,25315.380015596198,65984.06920731787,37973.07002339429,46470.13044529579,61471.83712120465,28245.400850734644,19513.93876202207,24377.773348351893,14650.104175692244,108602.98026690769,523406.02989745786,85997.86952381456,17973.9198110733,3494516.3052195543,61516.37343789876,60411.16957888453,61471.83712120465,17512.14852745548,56590.422409864,487555.4669670379,41020.291691938284,0.0,0.0,0.0,0.0,0.0,0.0,0.0,0.0,0.0,6.349202999999999,0.0,0.0,2.46792,0.8108100000000001,2.46792,0.8108100000000001,0.56511,1.0838100000000002,0.45045,0.96096,0.45045,0.0,0.25389000000000006,1.28583,0.00904,0.0029700000000000004,0.00904,0.0029700000000000004,0.00207,0.0039700000000000004,0.00165,0.00352,0.00165,0.0,0.00093,0.00471,36241.765886536654,91859.0703800589,28698.242408847625,3154.467985885418,757799.1387012834,10796.277754509254,13100.391664058807,11206.558223478074,3797.575948091315,12271.848122981464,105728.2555485199,8895.406115861064,0.0038462627880219693,0.40074023679384657,1.1453288896363782,0.0,0.0017101472397081663,0.036813708958647245,0.0008476589691367218,0.0,0.0001442561528672307,0.0001619502105169143,0.0008593651132435385,0.0027061804233632163,1.0527319213470001e-05,0.00036315981653492523,0.004301729492003442,0.000165250436606532,0.004838103065329878,4.5014332331376e-06,0.001584674102907441,0.008408841430662582,0.02647982994903792,0.00010300925251890001,0.003553499280072924,0.042092191803474545,0.00161696663776284,0.04734057838118482,4.4046282173712007e-05,3777,344437,1042389,28803303,21966,110380,4618,513328,2531,1012,53941,279242,0,6127,30786,1288,0,706,,,,
13,0.01868368805817724,2.5754017051851217,4.652705773197829,5.62819406628106,0.15748281500877045,0.30433968743441503,0.0,0.0,583447.2081013526,50681.73741480067,2121222.2658214928,1112041.3140691807,1042401.1928018458,38998.18609554207,137534.72788562952,26773.9419815844,0.015110960411213398,5.535150333777802e-05,0.06685587182511533,-0.1064316485710814,-5.090933437971582,-1.334449576883017,0.0014140204738729385,0.05918210121641964,0.031025952662530137,54610.6586782866,121473.7087267016,84774.87933712653,25204.919389978433,65696.1556322123,37807.379084967644,46267.36360243725,61203.61212983188,28122.155430485192,19428.792029775042,24271.403857016267,14586.180202533815,108129.10418300747,521122.21043754986,85622.6281304978,17895.492766884687,3479268.4022819637,61247.95411764759,60147.57268316843,61203.61212983188,17435.73636690082,56343.496886347624,485428.07714032533,40841.30456709468,0.0,0.0,0.0,0.0,0.0,0.0,0.0,0.0,0.0,6.284196,0.0,0.0,2.44335,0.7998900000000001,2.44335,0.7998900000000001,0.55965,1.07016,0.44499,0.9500400000000001,0.44499,0.0,0.25116000000000005,1.27218,0.00895,0.0029300000000000003,0.00895,0.0029300000000000003,0.0020499999999999997,0.00392,0.00163,0.00348,0.00163,0.0,0.00092,0.00466,40134.9193093855,100873.6421131508,31781.05744091689,3464.0310787934322,834255.7488319953,11855.768340095834,14422.12916264603,12311.701487464561,4180.72468616271,13509.991398163984,116395.493872553,9792.890109469605,0.0037246684454382783,0.3881279338548861,1.1092849455767393,0.0,0.0016569833916888308,0.035654966754277366,0.000821005785642557,0.0,0.0001398906,0.00015683042840988423,0.000831388431024729,0.002620555818179537,1.0539093727710001e-05,0.0003517348972218732,0.004166339180770573,0.0001600539391253088,0.0047739089171090834,4.3742226643092005e-06,0.0015345773102472542,0.008135091099274232,0.025641997790789017,0.00010312446550770001,0.0034417070588376843,0.040767404887109907,0.0015661191892906562,0.046712442092142654,4.280153359700401e-05,3742,341295,1032882,29282581,21766,109373,4576,518205,2507,1092,57518,301305,0,6618,33256,1391,0,763,,,,
14,0.018602164025337042,2.574908697010428,4.449626352799434,5.685383554263857,0.1560464161612435,0.3037554324651103,0.0,0.0,580905.239303162,50940.99582843547,2117955.0437677735,1122740.0244591741,1033133.3937665371,38920.408135758415,141666.39629487114,26839.160583095905,0.014976611616057853,5.485938320900312e-05,0.06701872593401963,-0.10697609123971448,-5.083092105042656,-1.347288029351009,0.0014212537836133495,0.05909094572112087,0.03132444668241095,54372.73039877596,120944.47082291832,84405.53127074944,25095.1063378966,65409.92994553604,37642.659506844895,46065.78547674074,60936.95960290169,27999.632534412405,19344.144468795297,24165.65795501154,14522.63098257905,107658.0061895764,518851.7798303196,85249.58658345694,17817.525499906584,3464109.889915589,60981.108401088735,59885.52111976296,60936.95960290169,17359.77217133569,56098.01895950636,483313.1591002308,40663.366751221336,0.0,0.0,0.0,0.0,0.0,0.0,0.0,0.0,0.0,6.219188999999999,0.0,0.0,2.41878,0.7917000000000001,2.41878,0.7917000000000001,0.55419,1.05924,0.4395300000000001,0.9418500000000001,0.4395300000000001,0.0,0.24843000000000004,1.2585300000000001,0.00886,0.0029,0.00886,0.0029,0.0020299999999999997,0.0038799999999999998,0.00161,0.0034500000000000004,0.00161,0.0,0.00091,0.00461,44142.43859550498,110019.27449286974,34954.433713233506,3778.094833555351,912150.2288685297,12930.662599351395,15768.723721588984,13433.72037874726,4571.079054185328,14771.41963133037,127263.34403300053,10707.2525027765,0.0036066267783000008,0.3758000798451119,1.074049756206577,0.0,0.001605031200200629,0.03452266777174102,0.0007948695983270175,0.0,0.000135361499973588,0.00015185992107555452,0.0008068904424148492,0.0025368535316211984,1.0465273734300001e-05,0.0003405714974997093,0.004034012643881681,0.0001549594127288745,0.00470783927922123,4.231106623485e-06,0.0014859411632124151,0.007895379597822718,0.02482297541693861,0.00010240214084100001,0.0033324737927390912,0.03947259683798204,0.001516269522400815,0.04606595423754106,4.1401150831950004e-05,3709,338261,1023698,29769795,21573,108401,4535,523104,2485,1171,60982,323102,0,7105,35701,1494,0,819,,,,
15,0.018521117925750574,2.5741602553756553,4.247591892710713,5.740081407062622,0.1546590359134568,0.30314962280636215,0.0,0.0,578379.527689325,51197.60369964935,2114885.687840688,1132968.2777425006,1024174.6218109472,38840.71059224243,145757.59674268207,26896.727382709043,0.014846742570158035,5.43836724181613e-05,0.06716247311099362,-0.10751496776926363,-5.075725650817651,-1.3595619332910007,0.0014284131432202166,0.05900531069075519,0.03160981494901576,54136.323791720824,120418.61766491747,84038.54537325894,24985.995596178844,65125.534817818,37478.99339426826,45865.496545763475,60672.012454610194,27877.893234625466,19260.038272054524,24060.588351875922,14459.488192233126,107189.92110760722,516595.86978249595,84878.93082699153,17740.05687328698,3449048.323951641,60715.96929871459,59625.14550949252,60672.012454610194,17284.293805467787,55854.11098895812,481211.76703751844,40486.56693825275,0.0,0.0,0.0,0.0,0.0,0.0,0.0,0.0,0.0,6.154182,0.0,0.0,2.39148,0.78624,2.39148,0.78624,0.546,1.0483200000000001,0.4368000000000001,0.9309300000000001,0.4368000000000001,0.0,0.24570000000000003,1.24488,0.00876,0.0028799999999999997,0.00876,0.0028799999999999997,0.002,0.00384,0.0016,0.0034100000000000003,0.0016,0.0,0.0009000000000000001,0.00456,48268.305773319385,119297.43209361058,38221.52441699007,4096.709544094483,991510.7721715625,14021.132664999423,17140.662731342905,14572.831043289894,4968.780338184613,16056.589387581575,138335.73957199825,11638.824242836403,0.003491045653241961,0.3637414815240145,1.0395842995519982,0.0,0.0015513404400000002,0.03341494269290903,0.0007692500912322014,0.0,0.000130944000016368,0.00014699353721916693,0.0007801086819863233,0.0024549777120824994,1.0386016028100002e-05,0.00032964452102980803,0.00390456693116318,0.00014996443618746,0.0046398625326296815,4.0915054768896e-06,0.0014383238588112034,0.0076333215119091845,0.02402182492467822,0.00010162660844700001,0.00322555391545296,0.03820597749847843,0.0014673939454902,0.04540080542680656,4.0035161117952e-05,3677,335328,1014821,30264930,21386,107461,4495,528023,2464,1249,64337,344643,0,7587,38123,1596,0,874,,,,
16,0.01844059015722429,2.5731114647164404,4.046459630435941,5.792374017301249,0.15331791671047698,0.3025288615807555,0.0,0.0,575871.0987444022,51451.634293897696,2112012.7940351777,1142742.3429231693,1015507.4625678181,38759.74552446297,149808.86529434175,26946.912091648843,0.014721100829621863,5.392344626235115e-05,0.06728778683845174,-0.10804843201718516,-5.068830705684427,-1.371290811507803,0.0014355005967997454,0.05892515695358145,0.03188251136755642,53901.534842476045,119896.36275858452,83674.07064756165,24877.631465758175,64843.08571861969,37316.44719863726,45666.57813043109,60408.87825828778,27756.986959480186,19176.507588188593,23956.23770776713,14396.777468610055,106725.03898810256,514355.39623432764,84510.81135403726,17663.118340688303,3434089.8196580987,60452.64446179236,59366.55156956042,60408.87825828778,17209.331914877715,55611.87200574692,479124.7541553426,40310.97691210815,0.0,0.0,0.0,0.0,0.0,0.0,0.0,0.0,0.0,6.089174999999999,0.0,0.0,2.3669100000000003,0.77532,2.3669100000000003,0.77532,0.54054,1.04013,0.43134000000000006,0.92274,0.43134000000000006,0.0,0.24297000000000002,1.23396,0.00867,0.00284,0.00867,0.00284,0.00198,0.00381,0.00158,0.0033799999999999998,0.00158,0.0,0.0008900000000000001,0.00452,52516.53158209768,128709.50600067276,41585.50547822013,4419.9229806966105,1072364.7968081739,15127.342032525012,18538.42017953739,15729.239804025718,5373.965938939717,17365.94467686415,149616.5058625968,12587.927175939643,0.0033778659719292305,0.3519373828884706,1.0058490934278284,0.0,0.001501586635657941,0.03233032089222725,0.0007442898384324213,0.0,0.00012690687000649142,0.000142228059805386,0.000753888427075422,0.0023748314787300014,1.0301105977200001e-05,0.0003189472556284395,0.0037778375228353285,0.0001450991431035018,0.004569940183729466,3.9536744209074e-06,0.0013916939185258201,0.00737675772729714,0.023237598340261307,0.000100795768164,0.0031208817486223653,0.03696593705139945,0.0014197873142385662,0.04471661900208403,3.8686491645438e-05,3646,332490,1006233,30767939,21205,106551,4457,532959,2443,1326,67590,365941,0,8064,40524,1696,0,929,,,,
17,0.018360613415487524,2.5717935040148423,3.8463295632558956,5.842344561321,0.1520204516389398,0.3018982276554323,0.0,0.0,573380.7484539662,51703.15933599233,2109335.031954459,1152077.8758132653,1007115.4341005196,38678.01062218003,153820.51653202856,26989.9749833299,0.014599447467351364,5.3477829550737594e-05,0.06739531703212392,-0.10857663460558388,-5.062404076690701,-1.3824934509759184,0.0014425181454741857,0.05885044739152939,0.032142972735190095,53668.43805529124,119377.87182811576,83312.2227503613,24770.048333211344,64562.6722759166,37155.07249981701,45469.09335239952,60147.64051282105,27636.95207548117,19093.578923517078,23852.639135684993,14334.518711349156,106263.50734947665,512131.07014261663,84145.34497786491,17586.734316580052,3419239.123732543,60191.21744970356,59109.82135811938,60147.64051282105,17134.910286798327,55371.378878199524,477052.78271369985,40136.652391777636,0.0,0.0,0.0,0.0,0.0,0.0,0.0,0.0,0.0,6.0241679999999995,0.0,0.0,2.34234,0.7671300000000001,2.34234,0.7671300000000001,0.53508,1.02648,0.42588000000000004,0.9118200000000001,0.42588000000000004,0.0,0.24024,1.22031,0.00858,0.00281,0.00858,0.00281,0.00196,0.00376,0.0015600000000000002,0.00334,0.0015600000000000002,0.0,0.00088,0.00447,56890.485331226984,138255.5636751512,45049.04490316387,4747.737459995922,1154727.4044540362,16249.29863069026,19962.257135176005,16902.987332485245,5786.711535819184,18699.73005668781,161107.74989297148,13554.738572725975,0.0032670138996207364,0.3403751431855234,0.9728043669807347,0.0,0.0014528034856025318,0.031268409682562226,0.0007199758919084121,0.0,0.0001226487985521138,0.0001375602827284224,0.0007309812273825474,0.00229632688661146,1.02102929838e-05,0.00030845654842834714,0.003653745303432543,0.00014035869063548282,0.0044977726520377655,3.8396131666911e-06,0.001346019970783488,0.0071526120098722385,0.022469435127058374,9.990716790600001e-05,0.003018230742685977,0.03575170135616789,0.0013734022417020361,0.04401046358445555,3.7570408405257e-05,3616,329742,997918,31278660,21029,105671,4421,537910,2423,1402,70746,387001,0,8538,42902,1795,0,983,,,,
18,0.018281213079107496,2.5702117537912286,3.647060172320927,5.890073080479542,0.15076417336941367,0.30126159751756837,0.0,0.0,570909.0699991041,51952.24875652161,2106851.1372409356,1160989.935530093,998982.9278317281,38595.88141261699,157793.2886837918,27026.16656751672,0.014481556216727082,5.304599346786477e-05,0.06748568922741763,-0.10909972238869536,-5.0564427293782455,-1.3931879226361117,0.0014494677403069525,0.05878114672902209,0.03239161920128959,53437.08895191615,118863.26837381348,82953.08787086984,24663.2718239613,64284.36128189913,36994.907735941946,45273.089250928955,59888.36144290602,27517.81717395682,19011.27203097017,23749.81731196273,14272.726749977604,105805.43612479398,509923.42132365983,83782.61874957854,17510.922995012523,3404499.773489378,59931.75053222596,58855.016026207646,59888.36144290602,17061.04664785323,55132.688889813486,474996.34623925464,39963.63489993729,0.0,0.0,0.0,0.0,0.0,0.0,0.0,0.0,0.0,5.959161,0.0,0.0,2.31504,0.7616700000000001,2.31504,0.7616700000000001,0.52962,1.0155600000000002,0.42315,0.9009,0.42315,0.0,0.23751000000000003,1.20666,0.008480000000000001,0.00279,0.008480000000000001,0.00279,0.0019399999999999999,0.00372,0.0015500000000000002,0.0033,0.0015500000000000002,0.0,0.00087,0.00442,61394.549348717206,147937.4819437554,48615.61286245086,5080.217432783684,1238630.1862456338,17387.223044597667,21412.719727490017,18094.338955516294,6207.1754421991645,20058.45711595413,172813.8792634756,14539.629264955882,0.0031584205252758965,0.32904264680749745,0.940417284888,0.0,0.0014050324412622954,0.03022738490314066,0.0006959600130407806,0.0,0.00011844387002234791,0.0001329879166568172,0.0007057791715446989,0.002227723304378382,1.011336399792e-05,0.0002981846605043143,0.003532110064831543,0.0001356763539063285,0.004424857874622014,3.7066456452933005e-06,0.001301279614598964,0.00690601124844813,0.021798152763272342,9.89587229904e-05,0.002917720871601355,0.03456150708598607,0.0013275858285457952,0.04329699640759175,3.6269328357171004e-05,3587,327079,989860,31797032,20859,104818,4385,542871,2403,1477,73808,407833,0,9008,45260,1894,0,1038,,,,
19,0.018202408060595438,2.5683718794008565,3.448607876138259,5.93563656549366,0.14954674531348186,0.30062189613484963,0.0,0.0,568456.46306861,52198.970520672316,2104559.9104290702,1169493.002272064,991095.151027596,38513.63788756408,161727.69897093534,27055.7276157767,0.014367212637841341,5.2627152519565346e-05,0.06755950464297521,-0.10961783809341186,-5.0509437850297685,-1.4033916027264768,0.0014563512775267573,0.05871722150097105,0.032628854763390586,53207.524943221906,118352.63561088461,82596.72408386905,24557.319204563955,64008.197741525495,36835.97880684593,45078.59752134077,59631.08297589719,27399.601519907006,18929.600220184715,23647.788863654176,14211.411576715253,105350.89938757937,507732.80677069497,83422.69132470775,17435.69663524041,3389874.15239119,59674.285667090415,58602.17677774301,59631.08297589719,16987.752942342344,54895.84063853567,472955.7772730835,39791.952414802705,0.0,0.0,0.0,0.0,0.0,0.0,0.0,0.0,0.0,5.8941539999999994,0.0,0.0,2.2904700000000005,0.75075,2.2904700000000005,0.75075,0.5241600000000001,1.0046400000000002,0.41769000000000006,0.8927100000000001,0.41769000000000006,0.0,0.23751000000000003,1.1930100000000001,0.00839,0.00275,0.00839,0.00275,0.00192,0.00368,0.0015300000000000001,0.00327,0.0015300000000000001,0.0,0.00087,0.004370000000000001,66031.59633461574,157754.23344011855,52287.48411947391,5417.327618991192,1324077.7393435645,18540.99452696985,22889.887429523544,19303.197163375393,6635.38069593444,21442.20030137829,184735.53537068173,15542.653216283325,0.003051154665724158,0.3179288515528392,0.90865221840853,0.0,0.0013554929359342444,0.02920635508785903,0.0006723909963996751,0.0,0.00011465677715552641,0.000128471344936578,0.0006810613612150519,0.0021521894807268326,1.001004018975e-05,0.00028812309239010153,0.0034127949661296305,0.000131082266524725,0.0043499078638778756,3.576864287016e-06,0.0012570852031428602,0.006664148803287066,0.02105905835980019,9.794770508250001e-05,0.002819268968548305,0.03339401525997811,0.00128263293051075,0.04256361458203082,3.499942474392e-05,3558,324497,982044,32322775,20695,103990,4350,547839,2384,1553,76782,428441,0,9473,47599,1992,0,1092,,,,
20,0.01812421110330911,2.566304919674276,3.25090647006372,5.979109047319637,0.14836595301368008,0.2999813043529986,0.0,0.0,566023.1589648405,52443.39049597933,2102460.2221576795,1177600.9948714136,983438.0821911118,38431.4843865989,165624.25311821146,27078.889208036057,0.014256213470867014,5.2220562164348036e-05,0.06761734029692644,-0.11013112004155658,-5.0459045331784305,-1.4131211938456962,0.001463170594837823,0.05865864019819925,0.03285506775691243,52979.76767910907,117846.02169647979,82243.16499759133,24452.20046728111,63734.20769944104,36678.30070092166,44885.63650591185,59375.82937541176,27282.31626210531,18848.571193529187,23546.56341293736,14150.578974121012,104899.94000463597,505559.4330778983,83065.59664756725,17361.062331769586,3375363.6397623974,59418.847135493095,58351.3274576854,59375.82937541176,16915.036082505292,54660.856461234645,470931.26825874724,39621.621127538834,0.0,0.0,0.0,0.0,0.0,0.0,0.0,0.0,0.0,5.829147,0.0,0.0,2.2659000000000002,0.7425600000000001,2.2659000000000002,0.7425600000000001,0.5187,0.9937200000000002,0.41223000000000004,0.8817900000000001,0.41223000000000004,0.0,0.23478000000000002,1.1793600000000002,0.0083,0.00272,0.0083,0.00272,0.0019,0.00364,0.00151,0.0032300000000000002,0.00151,0.0,0.00086,0.00432,70805.86237330966,167707.23682578845,56068.013041042446,5759.116735880849,1411097.0784958187,19710.77981435276,24394.227256559767,20529.768614670116,7071.462676642084,22851.39709153145,196876.48731649754,16564.127538647634,0.0029468949688181523,0.30702252487708015,0.8774820879535967,0.0,0.0013095462858779792,0.028204478605774182,0.0006494184592886348,0.0,0.00011064767998742639,0.0001240814510870913,0.0006595152853913371,0.0020780663436112635,9.900095192640003e-06,0.0002782380335673825,0.003295734077772152,0.0001266036978057039,0.004268235357773605,3.4501426568154e-06,0.001214130327841431,0.006453321609743191,0.020333767448239247,9.687189919680003e-05,0.002722544199422775,0.03224858076099633,0.0012388103763783932,0.04176445350079548,3.3759460405398e-05,3531,321990,974457,32855752,20535,103187,4317,552811,2366,1626,79671,448828,0,9934,49918,2088,0,1144,,,,
21,0.0180466295819078,2.5639647654353257,3.053908450219127,6.020561686892673,0.14721969746592722,0.29934141376544504,0.0,0.0,563609.2279052464,52685.57236931025,2100551.0057716,1185327.2889310885,975998.4177697477,38349.565743626365,169483.44853125355,27095.87285731385,0.014148365863515594,5.18255159835736e-05,0.06765974931835556,-0.11063970197555151,-5.04132241385184,-1.422392746717306,0.0014699274691037556,0.05860537306102764,0.03307063136117736,52753.823731931065,117343.44124987231,81892.4208146323,24347.91864550665,63462.39906213075,36521.87796825996,44694.21177288604,59122.60800726034,27165.964785032877,18768.187289244706,23446.14388085825,14090.230697631161,104452.5709892235,503403.3629619522,82711.34502277864,17287.02223830972,3360968.6543304445,59165.44230858114,58102.47530475185,59122.60800726034,16842.898166720384,54427.743138809645,468922.877617165,39452.645953367246,0.0,0.0,0.0,0.0,0.0,0.0,0.0,0.0,0.0,5.764139999999999,0.0,0.0,2.2413300000000005,0.7371000000000001,2.2413300000000005,0.7371000000000001,0.51324,0.9828000000000001,0.40950000000000003,0.8736000000000002,0.40950000000000003,0.0,0.23205,1.16571,0.00821,0.0027,0.00821,0.0027,0.00188,0.0036000000000000003,0.0015,0.0032,0.0015,0.0,0.00085,0.0042699999999999995,75721.99170763801,177798.50585726683,59960.877196489455,6105.653936453971,1499720.7220247453,20896.815585328397,25926.301366481035,21774.33380237736,7515.584344125709,24286.574090222857,209241.2720623942,17604.43394755722,0.002843875633185216,0.29631361821750796,0.8468750082376969,0.0,0.001264462542965448,0.027220669061097963,0.0006267134591487756,0.0,0.0001066864114566468,0.000119743783101576,0.0006356711080857205,0.0020052843554445032,9.78331513635e-06,0.000268536466336248,0.0031807682890933183,0.00012217803497013242,0.004189092651372744,3.3447295590984003e-06,0.00117168647981112,0.006220007616752749,0.019621599607037615,9.57292126245e-05,0.00262761488565576,0.031123646699730317,0.001195505503471188,0.04099004637364728,3.2727998911608005e-05,3504,319554,967085,33395853,20380,102406,4284,557784,2348,1700,82481,469002,0,10392,52219,2185,0,1197,,,,
22,0.017969665735148552,2.561382381841624,2.8575536848011143,6.0600628678528885,0.14610598714171347,0.2987033524781299,0.0,0.0,561214.6027718995,52925.57753940165,2098831.2584162434,1192684.7346153343,968763.5289339379,38267.97999772068,173305.75704063728,27106.89068146088,0.014043486744485044,5.1441343386392106e-05,0.0676872613761419,-0.11114371283274346,-5.0371950201989835,-1.4312216815384011,0.0014766236133493058,0.05855739210981318,0.03327590409576782,52529.6868194498,116844.88029710948,81544.48178275701,24244.47083974606,63192.76427211589,36366.70625961909,44504.31799981163,58871.41183077226,27050.54385360556,18688.446272304256,23346.52747531102,14030.36506929749,104008.7799025106,501264.5364745997,82359.92660058459,17213.5742962197,3346688.7958512576,58914.06414058293,57855.61339975512,58871.41183077226,16771.337189235448,54196.494189682344,466930.5495062204,39285.02219403297,0.0,0.0,0.0,0.0,0.0,0.0,0.0,0.0,0.0,5.699133,0.0,0.0,2.21403,0.72618,2.21403,0.72618,0.5077800000000001,0.9718800000000001,0.40404,0.8626800000000001,0.40404,0.0,0.22932,1.1547900000000002,0.00811,0.00266,0.00811,0.00266,0.00186,0.0035600000000000002,0.00148,0.00316,0.00148,0.0,0.00084,0.00423,80784.89883312557,188030.35900008102,63969.968156229355,6457.018837511099,1589984.1017805655,22099.37433119995,27486.722284548407,23037.211083872236,7967.923258817002,25748.30508311998,221834.83306571224,18663.988358894065,0.0027428852994596103,0.2857929377311434,0.81680608675655,0.0,0.0012200951657680343,0.02625415677408036,0.0006044295750800652,0.0,0.000103082528590002,0.0001154912539476582,0.000612243710759835,0.0019337812307275034,9.65948869512e-06,0.0002589906404869992,0.0030678395849209838,0.0001178333573563368,0.004107832174845972,3.220890647796e-06,0.001130075710670634,0.0059907717934564505,0.018921945375935785,9.451757755440002e-05,0.002534209492937304,0.03001864540083974,0.001152993066605016,0.04019491697967564,3.1516241822520004e-05,3478,317185,959916,33942964,20228,101647,4252,562754,2330,1772,85215,488967,0,10847,54500,2280,0,1250,,,,
23,0.01789331742309703,2.558561771250142,2.661795625903157,6.097678287500867,0.14502293151788156,0.29806788411378443,0.0,0.0,558839.0842673186,53163.46524853284,2097300.037967061,1199685.6745072831,961721.4280880004,38186.78846242211,177091.63956809422,27112.145561801615,0.01394140233799208,5.106740783147282e-05,0.06770038307509672,-0.11164327702191895,-5.033520091120947,-1.4396228094087398,0.001483260680434066,0.058514671059280994,0.033471230318753195,52307.33828742102,116350.29734445573,81199.3189440414,24141.848440348163,62925.28088850008,36212.77266052224,44315.93938239836,58622.21993964172,26936.043861684757,18609.34150610171,23247.70590552045,13970.977106682965,103568.52980909363,499142.77560771507,82011.31213348181,17140.712392647194,3332522.8758549644,58664.691710046034,57610.72119711788,58622.21993964172,16700.34719424455,53967.09036769496,464954.118110409,39118.7358987123,0.0,0.0,0.0,0.0,0.0,0.0,0.0,0.0,0.0,5.634125999999999,0.0,0.0,2.18946,0.71799,2.18946,0.71799,0.49959000000000003,0.96096,0.39858000000000005,0.8517600000000001,0.39858000000000005,0.0,0.22659,1.14114,0.00802,0.00263,0.00802,0.00263,0.00183,0.00352,0.00146,0.0031200000000000004,0.00146,0.0,0.00083,0.00418,86000.1105461914,198405.9890347104,68099.66234452013,6813.321080090016,1681930.9779862445,23318.831302279905,29076.246512096972,24318.828034423066,8428.698717310177,27237.298726095694,234663.27575967298,19743.304450934033,0.0026438504690299773,0.27545216581377796,0.7872524081307758,0.0,0.00117654579,0.025304214801600004,0.0005825486520392553,0.0,9.92574385652826e-05,0.00011132155078860331,0.0005918697552683521,0.0018634995529857954,9.509170627476002e-06,0.0002496203287554393,0.002956831337056691,0.0001135672432421688,0.0040244416471358554,3.0999091685058e-06,0.0010892753894368712,0.0057914137343462405,0.018234242937818,9.304672334412001e-05,0.0024425214964241913,0.028932435663672998,0.001111249369358856,0.03937894514939386,3.0332444552046003e-05,3453,314880,952939,34497013,20081,100908,4221,567719,2313,1843,87875,508728,0,11297,56765,2375,0,1302,,,,
24,0.017817578291511774,2.5555075602607924,2.466570077543257,6.13347104809573,0.14396873606334556,0.2974354862413116,0.0,0.0,556482.3627659263,53399.2924156159,2095956.4684046283,1206341.9611227298,954860.7249690306,38106.023685801745,180841.54016530197,27111.831542017513,0.013841947527368559,5.070310449585553e-05,0.06769959895199483,-0.11213851407279338,-5.030295524171108,-1.4476103533472757,0.0014898402583956834,0.05847718546848912,0.03365694071532416,52086.7491548907,115859.62792786585,80856.88730988909,24040.038071488016,62659.9140474433,36060.05710723202,44129.051367337954,58374.999854145666,26822.44988531765,18530.862680105347,23149.66629106253,13912.059069148158,103131.76332668358,497037.8038105445,81665.45618298798,17068.42703075649,3318469.047952597,58417.29251371588,57367.76677753934,58374.999854145666,16629.918928896943,53739.501772305506,462993.3258212506,38953.76539361484,0.0,0.0,0.0,0.0,0.0,0.0,0.0,0.0,0.0,5.569119,0.0,0.0,2.16489,0.71253,2.16489,0.71253,0.49413000000000007,0.9500400000000001,0.39585000000000004,0.84357,0.39585000000000004,0.0,0.22386,1.12749,0.00793,0.00261,0.00793,0.00261,0.0018100000000000002,0.00348,0.00145,0.00309,0.00145,0.0,0.00082,0.00413,91372.85619329521,208927.8409349452,72354.1006482272,7174.644625322879,1775598.2869387874,24555.473858499427,30695.51258239059,25619.518865668513,8898.09581930508,28754.153167925688,247731.75350226968,20842.815799469805,0.002545968744,0.2652820122719749,0.7581859370114234,0.0,0.0011310827398145768,0.024370012507849433,0.0005610527023864456,0.0,9.551910425519701e-05,0.00010720020472344721,0.0005691998559628387,0.001794378811511286,9.39967836534e-06,0.0002404078804506096,0.002847662381525623,0.00010937727126313021,0.003938903594919072,2.981658686184e-06,0.001048948239767064,0.005569589988453583,0.017557900198658823,9.197534744580001e-05,0.002352378185054352,0.027864223303100184,0.0010702507188112742,0.03854195990727264,2.917536994008e-05,3428,312633,946140,35057860,19938,100188,4191,572676,2297,1914,90467,528291,0,11744,59012,2469,0,1353,,,,
25,0.017742438468538582,2.5522250261199604,2.2718318163744913,6.167501746395464,0.1429416956671389,0.2968064123764358,0.0,0.0,554144.0217170384,53633.113698227295,2094799.7326292743,1212664.9742050832,948170.5924072909,38025.6957677309,184555.88557791107,27106.13392193907,0.013744965358713812,5.0347858456827154e-05,0.06768537170977795,-0.1126295387662773,-5.027519358310258,-1.4551979690460999,0.0014963638721805412,0.05844491254035674,0.03383335278032182,51867.88043271479,115372.78532148739,80517.12635548569,23939.02173817606,62396.616845338525,35908.53260726408,43943.62092216114,58129.70787811732,26709.741846761248,18452.99592317738,23052.391303428794,13853.60054292596,102698.40325677527,494949.2490291809,81322.29761904055,16996.705434105002,3304524.8281291286,58171.82282376782,57126.70719880949,58129.70787811732,16560.039944991975,53513.6881772144,461047.8260685759,38790.08152019269,0.0,0.0,0.0,0.0,0.0,0.0,0.0,0.0,0.0,5.504111999999999,0.0,0.0,2.14032,0.70161,2.14032,0.70161,0.48867000000000005,0.9391200000000001,0.39039,0.83265,0.39039,0.0,0.22113000000000002,1.1138400000000002,0.00784,0.00257,0.00784,0.00257,0.0017900000000000001,0.00344,0.00143,0.0030499999999999998,0.00143,0.0,0.0008100000000000001,0.00408,96908.70629377411,219598.73255538434,76737.69411384263,7541.086239180488,1871026.645161109,25809.633184800834,32345.222650302552,26939.664476430975,9376.318107300824,30299.526155201456,261045.93311719602,21962.99918053332,0.0024499552308641643,0.2552766668920489,0.7295897490248577,0.0,0.0010889465654775581,0.02345075322585019,0.0005396805943299504,0.0,9.212633145281522e-05,0.0001031572337345712,0.0005468955222092418,0.0017263727455245365,9.253654491879002e-06,0.00023133546721708565,0.0027402550677387526,0.00010526102005131901,0.0038463409517377816,2.8647568443294003e-06,0.001009387986004944,0.005351343281832367,0.016892464499218583,9.054651169473001e-05,0.002263605109328472,0.02681324851228242,0.00102997342200753,0.0376362394202299,2.8031491702578e-05,3404,310443,939511,35625371,19798,99486,4162,577623,2281,1985,92992,547655,0,12188,61242,2562,0,1404,,,,
26,0.017667884673208678,2.5487448670876756,2.077530999598951,6.199828562078474,0.14194018951277904,0.2961807411866821,0.0,0.0,551823.5555384242,53864.98150959481,2093829.0716341492,1218665.6374298413,941640.7402614444,37945.797308955036,188235.08500201235,27095.229578177237,0.013650306663051977,5.00011233078827e-05,0.06765814301818747,-0.11311646117014909,-5.025189771921958,-1.4623987649158094,0.0015028329841176948,0.05841783109859275,0.03400077128429257,51650.684798396505,114889.66426309991,80179.96261973304,23838.777599259927,62135.33235362657,35758.16639888989,43759.60795419703,57886.29097598069,26597.895376952045,18375.724399429528,22955.859910398445,13795.588888460605,102268.35590082507,492876.65968869865,80981.76224593037,16925.532095474548,3290687.201448063,57928.22956620162,56887.49034045614,57886.29097598069,16490.69513371027,53289.60075834563,459117.1982079689,38627.64888768969,0.0,0.0,0.0,0.0,0.0,0.0,0.0,0.0,0.0,5.439105,0.0,0.0,2.11302,0.69342,2.11302,0.69342,0.48321000000000003,0.9254700000000001,0.38493,0.8244600000000001,0.38493,0.0,0.21840000000000004,1.1001900000000002,0.00774,0.00254,0.00774,0.00254,0.00177,0.0033900000000000002,0.00141,0.00302,0.00141,0.0,0.0008,0.004030000000000001,102613.88507527868,230422.33671754278,81255.37143039568,7912.772047453556,1968265.0422746823,27081.740951143867,34026.22361997408,28279.753102335613,9863.61108409453,31874.211029012462,274612.6496441791,23104.429657563152,0.0023557365276754053,0.24542766188864043,0.7014404299892468,0.0,0.001047507094546938,0.022546067802208903,0.00051889815,0.0,8.847090000000001e-05,9.9190312241832e-05,0.0005275368654468975,0.0016594317523824338,9.0896823972e-06,0.00022241439378530822,0.002634535261349964,0.0001011915840803337,0.00375643021093353,2.7682953471945e-06,0.0009705718724738401,0.0051619198662008255,0.016237450480301233,8.8942053564e-05,0.002176312885426134,0.025778785890628684,0.000990154209818319,0.0367564676553711,2.7087621139215e-05,3381,308305,933041,36199452,19662,98801,4133,582556,2265,2054,95455,566827,0,12628,63455,2655,0,1455,,,,
27,0.01759390078594269,2.545017848042255,1.8836046063310234,6.230507343146309,0.14096267717639796,0.2955584150395301,0.0,0.0,549520.3797564335,54094.94604849803,2093043.7900005025,1224354.4349754557,935261.3788243132,37866.30737757834,191879.53541661176,27079.287239991383,0.013557829525850891,4.9662379215571034e-05,0.06761833420262049,-0.11359938670184586,-5.023305096001206,-1.469225321970547,0.0015092489947530947,0.05839592174101401,0.03415948873581521,51435.10754520218,114410.14306528946,79845.3111786098,23739.28040547793,61875.99476057442,35608.92060821689,43576.96611468518,57644.68783644988,26486.882304260096,18299.028645889237,22860.047797867635,13738.009493910839,101841.51293950032,490819.5137500918,80643.7642903959,16854.88908788933,3276952.682520021,57686.45138531137,56650.05594909073,57644.68783644988,16421.86702864126,53067.183073078784,457200.9559573527,38466.42658295034,0.0,0.0,0.0,0.0,0.0,0.0,0.0,0.0,0.0,5.374098,0.0,0.0,2.0884500000000004,0.68796,2.0884500000000004,0.68796,0.47775,0.91728,0.3822,0.81354,0.3822,0.0,0.21567000000000003,1.0892700000000002,0.0076500000000000005,0.00252,0.0076500000000000005,0.00252,0.00175,0.00336,0.0014,0.00298,0.0014,0.0,0.00079,0.0039900000000000005,108494.48101609944,241401.8223592086,85911.95379303525,8289.810872414731,2067358.0124281324,28372.169605588446,35739.285371917824,29640.21029946309,10360.197924671575,33478.928978233635,288438.1164946709,24267.629993542047,0.002262578952864168,0.23572859387693937,0.6737213757693543,0.0,0.0010066920516361368,0.02165508844236948,0.000498476014242084,0.0,8.489571426180002e-05,9.526787926978141e-05,0.0005058947396496528,0.00159351044023296,8.92759896261e-06,0.00021362756588230502,0.00253043234425606,9.7192640229651e-05,0.003664340657163149,2.655135982575e-06,0.0009321910767258182,0.004950152828829937,0.0155924139850752,8.73560758707e-05,0.00209033424680535,0.024760144443795856,0.00095102475923637,0.035855376322779194,2.598036284025e-05,3358,306216,926720,36779957,19529,98132,4105,587473,2250,2123,97859,585807,0,13065,65651,2747,0,1505,,,,
28,0.017520468171850323,2.5410741528518366,1.6900276220179404,6.259591690643276,0.14000769314862085,0.29493927089721544,0.0,0.0,547233.8341025047,54323.055334491684,2092443.24885759,1229741.4275335658,929023.1907600417,37787.1946388327,195489.6054901438,27058.467766079295,0.013467398880214794,4.933113142935822e-05,0.0675663469352883,-0.11407841620243253,-5.021863797258216,-1.4756897130402788,0.0015156132438323177,0.05837916664312675,0.03430978582818648,51221.086871994434,113934.08426014146,79513.07609509393,23640.501633228203,61618.529719942024,35460.7524498423,43395.643044328615,57404.82919735274,26376.670803740722,18222.88667561341,22764.927498664194,13680.845852562617,101417.75200654898,488777.2214760069,80308.20685604487,16784.756159592023,3263317.3339681295,57446.41896874453,56414.335957627205,57404.82919735274,16353.535898319247,52846.371359278884,455298.5499732839,38306.368387175324,0.0,0.0,0.0,0.0,0.0,0.0,0.0,0.0,0.0,5.309091,0.0,0.0,2.06388,0.6770400000000001,2.06388,0.6770400000000001,0.47229000000000004,0.90636,0.37674,0.80262,0.37674,0.0,0.21294000000000002,1.07562,0.00756,0.00248,0.00756,0.00248,0.00173,0.00332,0.00138,0.00294,0.00138,0.0,0.0007800000000000001,0.00394,114557.61538179222,252541.76787703112,90713.08021520845,8672.359937576046,2168363.918307508,29681.457251140542,37485.416846375025,31021.638825747534,10866.371103279385,35114.62513196659,302530.4764398489,25453.285277391144,0.00217047798200268,0.22617371391950417,0.6464127168600771,0.0,0.0009639085971686303,0.020777289391889445,0.000478401831455661,0.0,8.136038572913252e-05,9.138965381991451e-05,0.0004845739947507108,0.0015285675163110696,8.75728723212e-06,0.0002049716274162111,0.002427846091714774,9.326176678543681e-05,0.0035700643250186266,2.543240906037e-06,0.0008942428492056151,0.004741530486270396,0.014956950966054552,8.568958474440001e-05,0.0020056363542876572,0.023756343478069295,0.0009125613739220162,0.034932887481365055,2.4885475532190004e-05,3335,304174,920539,37366817,19399,97477,4078,592371,2235,2191,100205,604599,0,13499,67832,2838,0,1555,,,,
29,0.017447565779456976,2.5369180686482053,1.4967083544832835,6.287133040509811,0.1390738426335875,0.29432306469438574,0.0,0.0,544963.1999933561,54549.35524546312,2092026.8651812472,1234836.2676906292,922917.3106909133,37708.41976758842,199065.69373053234,27032.924364005346,0.013378886210968688,4.90069091976875e-05,0.06750256378313955,-0.11455364601547255,-5.020864476434993,-1.481803521228755,0.0015219270113484209,0.05836754953855679,0.03445193186856855,51008.55551937813,113461.33823861675,79183.15295903465,23542.410239712986,61362.85631925191,35313.61535956948,43215.58175947314,57166.63967930306,26267.226239679767,18147.27455977876,22670.469119723613,13624.079999833904,100996.93992836871,486749.1410436659,79974.98448862499,16715.11127019622,3249776.870667581,57208.056882502555,56180.25628731509,57166.63967930306,16285.680268601456,52627.09622335841,453409.38239447225,38147.42399953493,0.0,0.0,0.0,0.0,0.0,0.0,0.0,0.0,0.0,5.244084,0.0,0.0,2.03931,0.6688500000000001,2.03931,0.6688500000000001,0.46683,0.89544,0.37128000000000005,0.7944300000000001,0.37128000000000005,0.0,0.21021,1.06197,0.00747,0.0024500000000000004,0.00747,0.0024500000000000004,0.00171,0.00328,0.00136,0.0029100000000000003,0.00136,0.0,0.0007700000000000001,0.0038900000000000002,120811.73444170541,263848.5129838178,95665.43892193082,9060.636950573862,2271358.6439683237,31010.348999851383,39265.92988285243,32424.863492620236,11382.51089940016,36782.52836150025,316900.31683512684,26662.286272186167,0.002080061465272587,0.21675726315080035,0.6194991870836782,0.0,0.000924264689974397,0.019912094788242612,0.00045855005141242527,0.0,7.8159857148756e-05,8.75826361609227e-05,0.0004661072192536426,0.0014645638112627405,8.57859305544e-06,0.0001964314048282299,0.002326756069076112,8.9374480053615e-05,0.0034685731929194105,2.432610242712e-06,0.0008569913860907491,0.004560834080868975,0.014330678153216063,8.394107183280002e-05,0.0019220707354160131,0.022767183041497444,0.0008745244822450501,0.0339398022102867,2.3802960439440005e-05,3313,302175,914489,37960056,19271,96836,4051,597249,2220,2259,102497,623207,0,13930,69998,2929,0,1605,,,,
30,0.017375170698028172,2.532552666986908,1.3036117136871461,6.313180742222061,0.13815979849311905,0.2937094901290568,0.0,0.0,542707.6998560677,54773.88956397724,2091794.1174066637,1239648.2152004333,916935.2941519206,37629.93751789827,202608.09763158738,27002.80303216718,0.013292169104614487,4.868926411946699e-05,0.06742734931147305,-0.11502516808435219,-5.020305881775993,-1.48757785824052,0.0015281915188349647,0.058361055875645905,0.03458618520409208,50797.44070652794,112991.74311003329,78855.42878908664,23444.972633782123,61108.88700379322,35167.45895067318,43036.720598586166,56930.0377149015,26158.51113306246,18072.166405207056,22576.640314012413,13567.692496401693,100578.93259892531,484734.57794204284,79643.9830769775,16645.930569985307,3236326.655720889,56971.283500090554,55947.73677816202,56930.0377149015,16218.276902498725,52409.28257510046,451532.8062802483,37989.53898992474,0.0,0.0,0.0,0.0,0.0,0.0,0.0,0.0,0.0,5.1790769999999995,0.0,0.0,2.01201,0.6579300000000001,2.01201,0.6579300000000001,0.46137,0.8817900000000001,0.36582000000000003,0.78351,0.36582000000000003,0.0,0.20748000000000003,1.0483200000000001,0.007370000000000001,0.0024100000000000002,0.007370000000000001,0.0024100000000000002,0.0016899999999999999,0.0032300000000000002,0.00134,0.00287,0.00134,0.0,0.00076,0.00384,127264.73678653705,275327.089264011,100775.28445585487,9454.814697524736,2376406.217140187,32359.43621828888,41081.931355576125,33850.54621596585,11908.938176642132,38483.67553601695,331556.57083945425,27895.384565819477,0.001991256118978464,0.2074733761952457,0.5929663792064376,0.0,0.0008852016342094038,0.019059446837092493,0.000439029750053475,0.0,7.47361285538436e-05,8.38436416438464e-05,0.00044537179282621203,0.0014014622031349672,8.412855536088e-06,0.0001880177401009368,0.00222711708464553,8.555203531050751e-05,0.003369890599467768,2.342891947941e-06,0.0008204055257623681,0.00435793904808444,0.013713232310245379,8.231933911656e-05,0.0018397434784070163,0.021792220935778844,0.0008371220659415251,0.03297419833887816,2.2925071748670002e-05,3292,300216,908561,38559596,19146,96209,4025,602104,2206,2325,104738,641636,0,14358,72147,3018,0,1654,,,,
31,0.017303258136050978,2.52800968074242,1.1107175127038595,6.337782136873589,0.13726429659924835,0.2930981947822152,0.0,0.0,540466.5129477395,54996.70002002087,2091744.5385206593,1244186.1513753228,911069.0961640859,37551.698071408704,206117.11892515584,26968.24265729901,0.013207130938723438,4.837776900631296e-05,0.0673410503274085,-0.11549307004204382,-5.0201868924495825,-1.4930233816503873,0.001534407930558582,0.05835967262472638,0.0347127936233715,50587.665611908415,112525.12799571935,78529.78433130655,23348.153359342345,60856.52935791547,35022.23003901351,42858.99447675574,56694.93720821787,26050.48592408104,17997.534881159725,22483.40693862596,13511.662823693487,100163.57791157866,482732.799101636,79315.08217461962,16577.188885133062,3222961.794795203,56736.012663201895,55716.69281978246,56694.93720821787,16151.301272930245,52192.8511553632,449668.13877251925,37832.65590634176,0.0,0.0,0.0,0.0,0.0,0.0,0.0,0.0,0.0,5.11407,0.0,0.0,1.9874400000000003,0.6524700000000001,1.9874400000000003,0.6524700000000001,0.45591000000000004,0.87087,0.36309,0.77532,0.36309,0.0,0.20475000000000002,1.03467,0.00728,0.00239,0.00728,0.00239,0.00167,0.00319,0.00133,0.00284,0.00133,0.0,0.00075,0.00379,133924.07267181837,286981.44332269445,106048.51634295606,9855.028706029127,2483560.7778344713,33729.182754437716,42934.357205638546,35299.21364693516,12445.924248067733,40218.94340235245,346506.7920757713,29153.215679451932,0.001903419899611884,0.19831757418611817,0.5667990327573682,0.0,0.000846703885587912,0.018218328341696864,0.00041919231855548975,0.0,7.13496000203856e-05,8.01449915592375e-05,0.00042492167965556103,0.0013392322214741056,8.217187597584e-06,0.0001797256420802928,0.0021288254115029628,8.177156284408829e-05,0.003269027212233696,2.2356413147088e-06,0.0007842144335366251,0.00415783579017807,0.013104315285391787,8.040473885808001e-05,0.0017586057450867361,0.020830442198577374,0.000800130346108821,0.031987255517555525,2.1875630068656e-05,3271,298295,902749,39165273,19024,95593,3999,606934,2192,2391,106929,659882,0,14783,74283,3108,0,1703,,,,
32,0.017231801925615364,2.523237978804697,0.9178040989044997,6.360982630751474,0.1363861326266675,0.29248879062054356,0.0,0.0,538238.7861245681,55217.82633958742,2091877.7175695894,1248458.5933031884,905311.0472266206,37473.648331311015,209593.0902261816,26929.37533533877,0.013123660533911261,4.8072016607733556e-05,0.06724399668110767,-0.11595743531313356,-5.020506522167015,-1.498150311963826,0.0015405773548744887,0.058363388320191535,0.03483199475315895,50379.15038125958,112061.31527113507,78206.09562389975,23251.915560581343,60605.68731762637,34877.87334087201,42682.335739678245,56461.24866446719,25943.10949120418,17923.35157794812,22390.73350278203,13455.969653114204,99750.71775489397,480743.04251316946,78988.15658013875,16508.860048012753,3209677.2003414924,56502.154812212655,55487.03646158172,56461.24866446719,16084.727884546592,51977.719576049545,447814.6700556406,37676.715028719766,0.0,0.0,0.0,0.0,0.0,0.0,0.0,0.0,0.0,5.049062999999999,0.0,0.0,1.9628700000000003,0.64428,1.9628700000000003,0.64428,0.44772,0.85995,0.35763000000000006,0.7644,0.35763000000000006,0.0,0.20202,1.02102,0.00719,0.00236,0.00719,0.00236,0.00164,0.00315,0.0013100000000000002,0.0028,0.0013100000000000002,0.0,0.00074,0.0037400000000000003,140797.64746097144,298815.8735364791,111491.39448890582,10261.426583627097,2592880.4179936643,35120.0938003012,44824.211692823344,36771.43755011971,12993.760231141074,41989.272705169766,361759.08554107114,30436.461523888203,0.0018165484073587499,0.18928558828556616,0.5409848992891892,0.0,0.0008087131198241929,0.017388547926826144,0.00040020450862422605,0.0,6.828963429728879e-05,7.648723889235001e-05,0.000407245848111207,0.0012778391132377794,8.012585225340001e-06,0.0001715426802626544,0.0020318734259115283,7.8052703719626e-05,0.0031659729414909355,2.1295707418854e-06,0.0007484235203445001,0.003984878728830091,0.01250358702200408,7.840271564580001e-05,0.0016785359036453281,0.019881772232037534,0.0007637415095146201,0.0309788750188898,2.0837735216298003e-05,3250,296410,897043,39776930,18904,94989,3974,611734,2178,2457,109074,677948,0,15204,76402,3196,0,1752,,,,
33,0.01716077486576683,2.518266469002265,0.7249631655572286,6.382825768021574,0.13552415845877785,0.2918808640749581,0.0,0.0,536023.5534878302,55437.3062961457,2092193.2970191091,1252473.7076741704,899653.8392121892,37395.733006374285,213036.2959873393,26886.326630838885,0.013041651949371659,4.777161886216725e-05,0.06713650191353623,-0.11641834322190596,-5.021263912845861,-1.5029684492090043,0.0015467008456624648,0.05837219298683313,0.03494401644410935,50171.80460646091,111600.10383616625,77884.22232178174,23156.217510674265,60356.25212272968,34734.3262660114,42506.667791584936,56228.87076087339,25836.335278113416,17849.584331144746,22298.579825093737,13400.588837195755,99340.17312079259,478764.4454571532,78663.06454499955,16440.914432578727,3196467.112419764,56269.608550938465,55258.66812906042,56228.87076087339,16018.527872430317,51763.79456031976,445971.59650187474,37521.648744148115,0.0,0.0,0.0,0.0,0.0,0.0,0.0,0.0,0.0,4.984055999999999,0.0,0.0,1.9383000000000001,0.63336,1.9383000000000001,0.63336,0.44226000000000004,0.8517600000000001,0.35217000000000004,0.75348,0.35217000000000004,0.0,0.19929000000000002,1.0101000000000002,0.0070999999999999995,0.00232,0.0070999999999999995,0.00232,0.0016200000000000001,0.0031200000000000004,0.0012900000000000001,0.00276,0.0012900000000000001,0.0,0.00073,0.0037,147893.4465652521,310834.48233193584,117110.24218569476,10674.14920887565,2704421.66237797,36532.65151770117,46752.47198437655,38267.765381810656,13552.72938967028,43795.578810080944,377321.33757882717,31745.785613603264,0.00173117331732807,0.1803723556536,0.5155108143131524,0.0,0.0007686822001747005,0.016569912439174724,0.00038142262715335027,0.0,6.497564570278559e-05,7.289267365707302e-05,0.00038732151941269383,0.0012172572377582797,7.7988611925e-06,0.000163456332430131,0.0019362089728118198,7.43742025506216e-05,0.00306074182181496,2.0246802294708e-06,0.0007132508927735101,0.0037899202437156067,0.011910796627527252,7.6311437475e-05,0.00159941142485397,0.018945700701707056,0.000727747573344792,0.029949194170447453,1.9811387191596002e-05,3230,294558,891438,40394375,18785,94396,3949,616503,2164,2521,111173,695830,0,15624,78505,3284,0,1800,,,,
34,0.017090146160563188,2.5130996795776497,0.5325690557771973,6.403353301418456,0.1346772800762255,0.29127398448410147,0.0,0.0,533819.8905994856,55655.17573142139,2092690.978519791,1256239.3220373618,894090.4974416533,37317.89488856552,216447.01019217767,26839.215801578503,0.01296100407806344,4.747620541415179e-05,0.0670188638173316,-0.1168758690359849,-5.022458348447498,-1.507487186444834,0.0015527794029066566,0.05838607830070216,0.03504907708484239,49965.54176011185,111141.3012228129,77564.03010410526,23061.01927389778,60108.11968150208,34591.52891084667,42331.91732453921,55997.70652388604,25730.118726895205,17776.202356962873,22206.9074489386,13345.497264987142,98931.77268502147,476796.1822458673,78339.67040514632,16373.323684467421,3183326.01833235,56038.2768355716,55031.492521900975,55997.70652388604,15952.673610675027,51550.98683519233,444138.148978772,37367.39234196399,0.0,0.0,0.0,0.0,0.0,0.0,0.0,0.0,0.0,4.919048999999999,0.0,0.0,1.911,0.6279,1.911,0.6279,0.4368000000000001,0.83811,0.34944000000000003,0.74529,0.34944000000000003,0.0,0.19656,0.9964500000000001,0.007,0.0023,0.007,0.0023,0.0016,0.00307,0.00128,0.0027300000000000002,0.00128,0.0,0.0007199999999999999,0.00365,155219.81106953515,323041.49860566016,122911.6643674323,11093.341803350297,2818243.0227168417,37967.352932593254,48720.14959711526,39788.76196098293,14123.124944807381,45638.8092598062,393201.7117547764,33081.87478706053,0.0016467213330000003,0.1715743050868397,0.4903666634925,0.0,0.0007316914501240156,0.015761585969781777,0.0003628466742544344,0.0,6.17275543114341e-05,6.9336523706364e-05,0.00036765342375344646,0.0011574570085619625,7.575834515670001e-06,0.00015547272472243262,0.0018417637782064367,7.073605944864721e-05,0.002948098005919798,1.9399940490636e-06,0.00067845415669668,0.003597468985114368,0.011325654599907375,7.41291334329e-05,0.001521292252660362,0.018021559550192016,0.0006921485386910642,0.028846980488032435,1.8982737469332e-05,3210,292736,885925,41017415,18669,93812,3924,621237,2151,2586,113230,713530,0,16039,80594,3372,0,1848,,,,
35,0.01701988633596152,2.507739986722639,0.33973796231918973,6.422605249796029,0.13384445337651804,0.29066770625671545,0.0,0.0,531627.0578953294,55871.46862752174,2093370.5161546587,1259762.9392208012,888614.343167782,37240.07589431687,219825.4704715691,26788.15606006097,0.012881620102863119,4.718542162220922e-05,0.06689136508977525,-0.11733008411779564,-5.024089238771181,-1.5117155270649614,0.0015588139747078563,0.05840503740071497,0.035147386004260345,49760.29261900284,110684.75345380759,77245.41151219138,22966.28890107823,59861.206719014095,34449.43335161734,42158.025691099625,55767.67837322006,25624.424190554877,17703.18102791447,22115.685608445703,13290.676447383237,98525.37938562562,474837.59231683455,78017.8656273133,16306.065119765542,3170249.5078389863,55808.0820296201,54805.433398429515,55767.67837322006,15887.142998144023,51339.22498095196,442313.71216891403,37213.89405267306,0.0,0.0,0.0,0.0,0.0,0.0,0.0,0.0,0.0,4.854042,0.0,0.0,1.8864300000000003,0.6197100000000001,1.8864300000000003,0.6197100000000001,0.43134000000000006,0.82719,0.34398,0.7343700000000001,0.34398,0.0,0.19383,0.9828000000000001,0.00691,0.00227,0.00691,0.00227,0.00158,0.0030299999999999997,0.00126,0.00269,0.00126,0.0,0.00071,0.0036000000000000003,162785.57650495673,335441.36802813824,128902.6574982297,11519.157032706873,2934406.3371709012,39424.72054856013,50728.313553267864,41335.022027836065,14705.256787524078,47519.96546550663,409408.835738858,34445.454929952,0.0015631881355242902,0.16288812101846045,0.46554060115828644,0.0,0.0006951763286453836,0.014963615452832896,0.00034456500003627,0.0,5.87705528741778e-05,6.5819331661743e-05,0.0003482350375575294,0.0010984158537640013,7.3317130634339995e-06,0.00014764174279368748,0.0017485141074557048,6.715549387989002e-05,0.0028384786967197394,1.837303506333e-06,0.0006440386216364101,0.0034074611201865782,0.010747940074464958,7.174041814758e-05,0.0014446665155081252,0.017109116535319265,0.0006571128971043001,0.027774361441021106,1.797791602971e-05,3190,290943,880499,41645866,18555,93237,3900,625932,2137,2649,115246,731044,0,16451,82666,3459,0,1896,,,,
